{
  "__version__": "1.0.3",
  "builder": {},
  "gizmos-infos": {
    "is2D": true,
    "is3DIcon": false,
    "iconSize": 2,
    "gridVisible": true,
    "originAxis2D": {
      "x_visible": true,
      "y_visible": true,
      "z_visible": false
    },
    "originAxis3D": {
      "x_visible": true,
      "y_visible": false,
      "z_visible": true
    },
    "gridColor": [
      166,
      166,
      166,
      255
    ],
    "transformToolName": "position",
    "pivot": "pivot",
    "coordinate": "local",
    "toolsVisibility3d": true
  },
  "snap-configs": {
    "position": {
      "x": 1,
      "y": 1,
      "z": 1
    },
    "rotation": 1,
    "scale": 1,
    "isPositionSnapEnabled": false,
    "isRotationSnapEnabled": false,
    "isScaleSnapEnabled": false
  },
  "rect-snap-configs": {
    "enableSnapping": true,
    "snapThreshold": 4
  },
  "camera-infos": {
    "e2de1f14-debd-434c-b431-c3279f36bde1": {
      "position": {
        "x": 17.122647617917636,
        "y": 17.122647617917636,
        "z": 17.122647617917636
      },
      "rotation": {
        "x": -0.27984814233312133,
        "y": 0.3647051996310009,
        "z": 0.11591689595929512,
        "w": 0.8804762392171493
      },
      "viewCenter": {
        "x": 0,
        "y": 0,
        "z": 0
      },
      "contentRect": {
        "x": 0,
        "y": 0,
        "width": 1036,
        "height": 838
      },
      "scale": 1
    },
    "1039aab5-0d53-45bd-8b89-8e362ffbed60": {
      "position": {
        "x": -3982.65679365064,
        "y": -1201.803013650744,
        "z": 5000
      },
      "rotation": {
        "x": 0,
        "y": 0,
        "z": 0,
        "w": 1
      },
      "viewCenter": {
        "x": -4.000526225082657,
        "y": 1.7645540328625842,
        "z": 2.235972192220082
      },
      "contentRect": {
        "x": -27751.898984761,
        "y": -20428.27497904696,
        "width": 1036,
        "height": 838
      },
      "scale": 0.02179286978672508
    },
    "a015fce9-16e0-47a7-ba3f-0a012b9d8707": {
      "position": {
        "x": 0,
        "y": 0,
        "z": 5000
      },
      "rotation": {
        "x": 0,
        "y": 0,
        "z": 0,
        "w": 1
      },
      "viewCenter": {
        "x": 0,
        "y": 0,
        "z": 0
      },
      "contentRect": {
        "x": 0,
        "y": 0,
        "width": 1036,
        "height": 838
      },
      "scale": 1
    }
  },
  "camera-uuids": [
    "e2de1f14-debd-434c-b431-c3279f36bde1",
    "1039aab5-0d53-45bd-8b89-8e362ffbed60",
    "a015fce9-16e0-47a7-ba3f-0a012b9d8707"
  ],
  "camera": {
    "color": [
      48,
      48,
      48,
      255
    ],
    "fov": 45,
    "far": 10000,
    "near": 0.01,
    "wheelSpeed": 0.01,
    "wanderSpeed": 10,
    "enableAcceleration": true,
    "size": "__default_design__",
    "far2D": 10000,
    "near2D": 1,
    "wheelSpeed2D": 6,
    "iso": 0,
    "aperture": 19,
    "shutter": 7
  },
  "float-window": {
    "position": {
      "cc": {
        "Camera": {
          "dock": false,
          "top": null,
          "bottom": 10,
          "left": null,
          "right": 10
        }
      }
    }
  }
}
